footballer_id,footballer_name
1,Fernando Muslera
2,Günay Güvenç
3,Batuhan Şen
4,Atakan Ordu
5,Davinson Sánchez
6,Victor Nelsson
7,Abdülkerim Bardakcı
8,Metehan Baltacı
9,Ali Yeşilyurt
10,Ismail Jakobs
11,Elias Jelert
12,Kaan Ayhan
13,Lucas Torreira
14,Efe Akman
15,Gabriel Sara
16,Kerem Demirbay
17,Berkan Kutlu
18,Eyüp Aydın
19,Gökdeniz Gürpüz
20,Yunus Akgün
21,Barış Alper Yılmaz
22,Roland Sallai
23,Hakim Ziyech
24,Yusuf Demir
25,Dries Mertens
26,Victor Osimhen
27,Mauro Icardi
28,Michy Batshuayi
29,Dominik Livakovic
30,İrfan Can Eğribayat
31,Ertuğrul Çetin
32,Çağlar Söyüncü
33,Alexander Djiku
34,Rodrigo Becão
35,Samet Akaydin
36,Serdar Aziz
37,Jayden Oosterwolde
38,Filip Kostić
39,Levent Mercan
40,Bright Osayi-Samuel
41,Mert Müldür
42,Sofyan Amrabat
43,İsmail Yüksek
44,Bartuğ Elmaz
45,Fred
46,Sebastian Szymański
47,Mert Hakan Yandaş
48,Allan Saint-Maximin
49,Oğuz Aydın
50,İrfan Can Kahveci
51,Cengiz Ünder
52,Dusan Tadic
53,Burak Kapacak
54,Youssef En-Nesyri
55,Edin Dzeko
56,Cenk Tosun
57,Ersin Destanoğlu
58,Mert Günok
59,Emir Yaşar
60,Göktuğ Baytekin
61,Felix Uduokhai
62,Emirhan Topçu
63,Tayyip Talha Sanuç
64,Gabriel Paulista
65,Necip Uysal
66,Arthur Masuaku
67,Emrecan Terzi
68,Jonas Svensson
69,Onur Bulut
70,Moatasem Al-Musrati
71,Jean Onana
72,Gedson Fernandes
73,Cher Ndour
74,João Mário
75,Salih Uçan
76,Alex Oxlade-Chamberlain
77,Fahri Ay
78,Bakhtiyor Zaynutdinov
79,Semih Kılıçsoy
80,Ernest Muci
81,Arda Kılıç
82,Milot Rashica
83,Can Keleş
84,Rafa
85,Ciro Immobile
86,Mustafa Hekimoğlu
87,Uğurcan Çakır
88,Onuralp Çevikkan
89,Taha Tepe
90,Serdar Saatçı
91,Arseniy Batagov
92,Stefano Denswil
93,Stefan Savic
94,Hüseyin Türkmen
95,Ali Şahin Yılmaz
96,Eren Elmalı
97,Borna Barisic
98,Arif Boşluk
99,Pedro Malheiro
100,Serkan Asan
101,Batista Mendy
102,John Lundstram
103,Okay Yokuşlu
104,Salih Malkoçoğlu
105,Ozan Tufan
106,Umut Güneş
107,Enis Bardhi
108,Muhammed Cham
109,Mislav Orsic
110,Anthony Nwakaeme
111,Cihan Çanak
112,Edin Visca
113,Simon Banza
114,Enis Destan
115,Denis Drăguș
116,Umut Bozok
117,Poyraz Yıldırım
118,Muhammed Şengezer
119,Deniz Dilmen
120,Volkan Babacan
121,Yusuf Yılmaz
122,Jerome Opoku
123,Ousseynou Ba
124,Hamza Güreler
125,Lucas Lima
126,Emre Kaplan
127,Eren Karaağaç
128,Léo Duarte
129,Ömer Ali Şahiner
130,Burak Sefa Kavraz
131,Berat Özdemir
132,Onur Ergün
133,Berkay Özcan
134,Miguel Crespo
135,Olivier Kemen
136,Dimitrios Pelkas
137,Matchoi Djaló
138,Ömer Beyaz
139,Davidson
140,Serdar Gürler
141,Deniz Türüç
142,Patryk Szysz
143,Krzysztof Piatek
144,João Figueiredo
145,Philippe Keny
146,Ivo Grbic
147,Tarık Çetin
148,Canberk Yurdakul
149,Attila Mocsi
150,Khusniddin Alikulov
151,Ayberk Karapo
152,Anıl Yaşar
153,Casper Højer
154,İbrahim Pehlivan
155,Taha Şahin
156,Eray Korkmaz
157,Amir Hadziahmetovic
158,Giannis Papanikolaou
159,Efe Geçim
160,Ibrahim Olawoyin
161,Muhamed Buljubasic
162,Mithat Pala
163,Dal Varesanovic
164,Altin Zeqiri
165,Benhur Keser
166,Emrecan Bulut
167,Rachid Ghezzal
168,David Akintola
169,Vaclav Jurecka
170,Martin Minchev
171,Ali Sowe
172,Mateusz Lis
173,Arda Özçimen
174,Emircan Seçgin
175,Yiğit Yıldız
176,Taha Altıkardeş
177,Malcom Bokele
178,Novatus Miroshi
179,Koray Günter
180,Héliton
181,Lasse Nielsen
182,Ege Yıldırım
183,Djalma Silva
184,İsmail Köybaşı
185,Ogün Bayrak
186,Nazım Sangaré
187,Anthony Dennis
188,Doğan Erdoğan
189,Kuryu Matsuki
190,Yalçın Kayan
191,Isaac Solet
192,Ahmed Ildız
193,Tuğbey Akgün
194,Furkan Malak
195,Victor Hugo
196,David Tijanic
197,David Datro Fofana
198,Rômulo
199,Juan
200,Kubilay Kanatsızkuş
201,Berke Özer
202,Birkan Tetik
203,Alp Köseer
204,Rúben Vezo
205,Robin Yalçın
206,Luccas Claro
207,Umut Meraş
208,Caner Erkin
209,Léo Dubois
210,Tayfur Bingöl
211,Erdem Gökçe
212,Melih Kabasakal
213,Taşkın İlter
214,Jonjo Shelvey
215,Fredrik Midtsjø
216,Dorukhan Toköz
217,Emre Akbaba
218,Recep Niyaz
219,Samu Saiz
220,Ahmed Kutucu
221,Anastasios Chatzigiovanis
222,Prince Ampem
223,Emre Mor
224,Halil Akbunar
225,Sinan Gümüş
226,Mame Thiam
227,Gianni Bruno
228,Andreas Gianniotis
229,Ali Emre Yanar
230,Yasin Özcan
231,Kenneth Omeruo
232,Nicholas Opoku
233,Taylan Aydın
234,Sadık Çiftpınar
235,Kévin Rodrigues
236,Adnan Aktaş
237,Cláudio Winck
238,Jhon Espinoza
239,Gökhan Gül
240,Loret Sadiku
241,Driess Saddiki
242,Aytaç Kara
243,Cafú
244,Antonín Barák
245,Haris Hajradinovic
246,Josip Brekalo
247,Mortadha Ben Ouanes
248,Erdem Çetinkaya
249,Berat Kalkan
250,Mamadou Fall
251,Emirhan Yiğit
252,Nuno Da Costa
253,Sarp Yavrucu
254,Ali Demirel
255,Okan Kocuk
256,Halil Yeral
257,Taha Tosun
258,Muammer Yıldırım
259,Rick van Drongelen
260,Lubomir Satka
261,Yunus Emre Çift
262,Bedirhan Çetin
263,Elano Yegen
264,Marc Bola
265,Soner Gönül
266,Enes Albak
267,Nanu
268,Mustafa Tan
269,Zeki Yavru
270,Youssef Aït Bennasser
271,Flavien Tait
272,Celil Yüksel
273,Muhammet Ali Özbaskıcı
274,Soner Aydoğdu
275,Carlo Holse
276,Olivier Ntcham
277,Emre Kılınç
278,Arbnor Muja
279,Kingsley Schindler
280,Moussa Guel
281,Marius Mouandilmadji
282,Landry Dimata
283,Ercan Kara
284,Gaëtan Laura
285,Berhan Deniz
286,Kenan Piric
287,Abdullah Yiğiter
288,Kağan Arıcan
289,Doğukan Özkan
290,Thalisson
291,Emrecan Uzunhan
292,Bahadır Öztürk
293,Amar Gerxhaliu
294,Veysel Sarı
295,Harun Toprak
296,Abdurrahim Dursun
297,Güray Vural
298,Efecan Gülerce
299,Bünyamin Balcı
300,Erdoğan Yeşilyurt
301,Mert Yılmaz
302,Jakub Kaluzinski
303,Oleksandr Petrusenko
304,Soner Dikmen
305,Erdal Rakip
306,Burak İngenç
307,Mevlüt Han Ekelik
308,Ramzi Safuri
309,Sander van de Streek
310,Emre Uzun
311,Deni Milosevic
312,Moussa Djenepo
313,Sam Larsson
314,Braian Samudio
315,Andros Townsend
316,Adolfo Gaich
317,Mert Bayram
318,Ertuğrul Taşkıran
319,Yusuf Karagöz
320,Furkan Bayır
321,Fatih Aksoy
322,Fidan Aliti
323,Nuno Lima
324,Yusuf Özdemir
325,Jure Balkovec
326,Florent Hadergjonaj
327,Richard
328,Gaius Makouta
329,Nicolas Janvier
330,Buluthan Bulut
331,Efecan Karaca
332,Eren Altıntaş
333,Emin Sarıgül
334,Bera Çeken
335,Rony Lopes
336,Loide Augusto
337,Juan Christian
338,Ui-jo Hwang
339,Sergio Córdova
340,Serdar Dursun
341,Arda Usluoğlu
342,Jakub Slowik
343,Deniz Ertaş
344,Yavuz Aygün
345,Riechedly Bazoer
346,Adil Demirbağ
347,Filip Damjanovic
348,Uğurcan Yazğılı
349,Josip Calusic
350,Guilherme
351,Yasir Subaşı
352,Nikola Boranijasevic
353,Ufuk Akyol
354,Oğulcan Ülgün
355,Niko Rak
356,Marko Jevtovic
357,Adem Eren Kabak
358,Emmanuel Boateng
359,Danijel Aleksic
360,Melih İbrahimoğlu
361,Pedrinho
362,Hamidou Keyta
363,Yusuf Erdoğan
364,Louka Prip
365,Alassane Ndao
366,Tunahan Taşçı
367,Umut Nayir
368,Blaz Kramer
369,Melih Bostan
370,Djordje Nikolic
371,Ali Şaşal Vural
372,Hüseyin Arslan
373,Noah Sonko Sundberg
374,Uros Radakovic
375,Achilleas Poungouras
376,Emirhan Başyiğit
377,Samba Camara
378,Mehmet Albayrak
379,Uğur Çiftçi
380,Ziya Erdal
381,Murat Paluli
382,Alaaddin Okumuş
383,Jan Bieganski
384,Özkan Yiğiter
385,Samuel Moutoussamy
386,Charilaos Charisis
387,Azizbek Turgunboev
388,Alex Pritchard
389,Queensy Menig
390,Keita Baldé
391,Garry Rodrigues
392,Emre Gökay
393,Emrah Başsan
394,Rey Manaj
395,Bekir Turaç Böke
396,Fodé Koita
397,Bilal Bayazıt
398,Onurcan Piri
399,Şamil Öztürk
400,Arif Kocaman
401,Majid Hosseini
402,Julian Jeanvier
403,Joseph Attamah
404,Dimitrios Kolovetsios
405,Lionel Carole
406,Hasan Ali Kaldırım
407,Gökhan Sazdağı
408,Anthony Uzodimma
409,Kartal Yılmaz
410,Baran Gezek
411,Yaw Ackah
412,Mehdi Bourabia
413,Ali Karimi
414,Miguel Cardoso
415,Eray Özbek
416,Carlos Mané
417,Ramazan Civelek
418,Nurettin Korkmaz
419,Aylton Boa Morte
420,Duckens Nazon
421,Stéphane Bahoken
422,Talha Sarıarslan
423,Erce Kardeşler
424,Visar Bekaj
425,Emir Dadük
426,Demir Sarıcalı
427,Guy-Marcelin Kilama
428,Francisco Calvo
429,Cengiz Demir
430,Burak Yılmaz
431,Cemali Sertel
432,Oğuzhan Matur
433,Kamil Ahmet Çörekçi
434,Kerim Alıcı
435,Chandrel Massanga
436,Lamine Diack
437,Selimcan Temel
438,Görkem Sağlam
439,Abdulkadir Parmak
440,Ali Yıldız
441,Rui Pedro
442,Baran Sarka
443,Joelson Fernandes
444,Rigoberto Rivas
445,Bilal Boutobba
446,Funsho Bamgboye
447,Vincent Aboubakar
448,Carlos Strandberg
449,Jonathan Okoronkwo
450,Sokratis Dioudis
451,Burak Bozan
452,Halil Bağcı
453,Bruno Viana
454,Arda Kızıldağ
455,Ertuğrul Ersoy
456,Enric Saborit
457,Godfrey Stephen
458,Emre Taşdemir
459,Salem M'Bakata
460,Ömürcan Artan
461,Ogün Özçiçek
462,Cyril Mandouki
463,Bahadır Gölgeli
464,Kacper Kozlowski
465,Furkan Soyalp
466,Quentin Daubin
467,Badou Ndiaye
468,Alexandru Maxim
469,Christopher Lungoyi
470,Mirza Cihan
471,Mehmet Kuzucu
472,Deian Sorescu
473,Mustafa Eskihellaç
474,Eren Erdoğan
475,David Okereke
476,Kenan Kodro
477,Halil Dervişoğlu
478,İlker Karakaş
479,Diogo Sousa
480,Gökhan Akkan
481,Rüzgar Adıyaman
482,Kerem Ersunar
483,Christophe Hérelle
484,Arlind Ajeti
485,Ali Aytemur
486,Süleyman Özdamar
487,Ondrej Celustka
488,Murat Sipahioğlu
489,Cenk Şen
490,Üzeyir Ergün
491,Musah Mohammed
492,Yusuf Sertkaya
493,Ahmet Aslan
494,Gabriel Obekpa
495,Erkan Değişmez
496,Taylan Antalyalı
497,Samet Yalçın
498,Mustafa Erdilman
499,Enes Öğrüce
500,Tunahan Akpınar
501,Fredy
502,Zdravko Dimitrov
503,Haqi Osman
504,Ege Bilsel
505,Pedro Brazão
506,Kenan Özer
507,Taulant Seferi
508,Gökdeniz Bayrakdar
509,George Pușcaș
510,Celal Dumanlı
511,Deniz Dönmezer
512,Murat Eser
513,Vedat Karakuş
514,Andreaw Gravillon
515,Semih Güler
516,Jovan Manev
517,Tolga Kalender
518,Abdulsamet Burak
519,Burhan Ersoy
520,Arda Okan Kurtulan
521,Maestro
522,Tayfun Aydoğan
523,Aksel Aktaş
524,Nabil Alioui
525,Bünyamin Balat
526,İzzet Çelik
527,Florent Shehu
528,Ali Yavuz Kol
529,Salih Kavrazlı
530,Motez Nourani
531,Yusuf Sarı
532,Yusuf Barası
533,Abat Aymbetov
534,Ozan Demirbağ
535,Breyton Fougeu
536,Kacper Tobiasz
537,Gabriel Kobylak
538,Marcel Mendes-Dudzinski
539,Jan Ziolkowski
540,Sergio Barcia
541,Radovan Pankov
542,Marco Burch
543,Steve Kapuadi
544,Jan Leszczynski
545,Artur Jedrzejczyk
546,Rúben Vinagre
547,Pawel Wszolek
548,Ramil Mustafaev
549,Juergen Elitim
550,Rafal Augustyniak
551,Claude Gonçalves
552,Jurgen Çelhaka
553,Maxi Oyedele
554,Patryk Kun
555,Bartosz Kapustka
556,Jakub Adkonis
557,Wojciech Urbanski
558,Jakub Zewlakow
559,Luquinhas
560,Ryoya Morishita
561,Kacper Chodyna
562,Mateusz Szczepaniak
563,Jean-Pierre Nsame
564,Marc Gual
565,Migouel Alfarela
566,Jordan Majchrzak
567,Tomas Pekhart
568,Bartosz Mrozek
569,Filip Bednarek
570,Alex Douglas
571,Antonio Milic
572,Filip Dagerstal
573,Maksymilian Pingot
574,Bartosz Salamon
575,Wojciech Monka
576,Michal Gurgul
577,Elias Andersson
578,Joel Pereira
579,Ian Hoffmann
580,Antoni Kozubal
581,Stjepan Loncar
582,Radoslaw Murawski
583,Filip Jagiello
584,Afonso Sousa
585,Patrik Wålemark
586,Daniel Håkans
587,Ali Gholizadeh
588,Dino Hotic
589,Adriel Ba Loua
590,Filip Szymczak
591,Mikael Ishak
592,Bryan Fiabema
593,Kacper Trelowski
594,Dusan Kuciak
595,Bogdan Racovițan
596,Ariel Mosor
597,Stratos Svarnas
598,Zoran Arsenic
599,Kamil Pestka
600,Matej Rodin
601,Milan Rundic
602,Gustav Berggren
603,Vladyslav Kochergin
604,Péter Baráth
605,Ben Lederman
606,Szymon Czyz
607,Fran Tudor
608,Lazaros Lamprou
609,Srdjan Plavsic
610,Jean Carlos Silva
611,Erick Otieno
612,Dawid Drachal
613,Ivi López
614,Michael Ameyaw
615,Adriano
616,Tobiasz Mras
617,Jonatan Braut Brunes
618,Patryk Makuch
619,Jesus Diaz
620,David Ezeh
621,Tomasz Walczak
622,Maksymilian Stryjek
623,Slawomir Abramowicz
624,Milosz Piekutowski
625,Mateusz Skrzypczak
626,Adrián Diéguez
627,Dusan Stojinovic
628,Jetmir Haliti
629,João Moutinho
630,Cezary Polak
631,Michal Sacek
632,Peter Kovacik
633,Tomás Silva
634,Nené
635,Jaroslaw Kubicki
636,Taras Romanczuk
637,Aurélien Nguiamba
638,Marcin Listkowski
639,Darko Churlinov
640,Kristoffer Hansen
641,Damian Wojdakowski
642,Miki Villar
643,Afimico Pululu
644,Lamine Diaby-Fadiga
645,Jesús Imaz
646,Alan Rybak
647,Rafal Leszczynski
648,Tomasz Loska
649,Bartosz Glogowski
650,Alex Petkov
651,Lukasz Bejger
652,Simeon Petrov
653,Aleksander Paluszek
654,Serafin Szota
655,Konrad Poprawa
656,Yegor Matsenko
657,Peter Pokorný
658,Tudor Băluță
659,Filip Rejczyk
660,Aleksander Wolczek
661,Lukasz Gerstenstein
662,Mateusz Zukowski
663,Tommaso Guercio
664,Arnau Ortiz
665,Mateusz Bartolewski
666,Krzysztof Kurowski
667,Piotr Samiec-Talar
668,Sylvester Jasper
669,Marcin Cebula
670,Petr Schwarz
671,Burak İnce
672,Jakub Jezierski
673,Sebastian Musiolik
674,Jakub Swierczok
675,Junior Eyamba
676,Henrich Ravas
677,Sebastian Madejski
678,Jakub Burek
679,Konrad Golonka
680,Virgil Ghiță
681,Andreas Skovgaard
682,Arttu Hoskonen
683,Jakub Jugas
684,Kamil Glik
685,Oskar Wojcik
686,Jani Atanasov
687,Patryk Sokolowski
688,Amir Al-Ammari
689,Otar Kakabadze
690,Mateusz Bochnak
691,Patryk Janasik
692,Davíd Kristján Ólafsson
693,Bartosz Biedrzycki
694,Michal Rakoczy
695,Filip Rozga
696,Ajdin Hasic
697,Mikkel Maigaard
698,Fabian Bzdyl
699,Oskar Lachowicz
700,Benjamin Källman
701,Mick van Buren
702,Kacper Smiglewski
703,Dominik Hladun
704,Jasmin Buric
705,Michal Matys
706,Igor Orlikowski
707,Aleks Lawniczak
708,Bartosz Kopacz
709,Michal Nalepa
710,Jaroslaw Jach
711,Kacper Lepczynski
712,Tomasz Makowski
713,Damian Dabrowski
714,Mateusz Dziewiatowski
715,Bartlomiej Kludka
716,Mateusz Grzybek
717,Arkadiusz Wozniak
718,Mateusz Wdowiak
719,Luís Mata
720,Tomasz Pienko
721,Kajetan Szmyt
722,Marcel Regula
723,Marek Mroz
724,Krzysztof Kolanko
725,Cyprian Popielec
726,Hubert Adamczyk
727,Adam Radwanski
728,Patryk Kusztal
729,Vaclav Sejk
730,Dawid Kurminowski
731,Daniel Mikolajewski
732,Valentin Cojocaru
733,Krzysztof Kaminski
734,Mariusz Malec
735,Léo Borges
736,Danijel Loncar
737,Dimitrios Keramitsis
738,Benedikt Zech
739,Wojciech Lisowski
740,Leonardo Koutris
741,Linus Wahlqvist
742,Jakub Lis
743,Fredrik Ulvestad
744,João Gamboa
745,Rafal Kurzawa
746,Kacper Smolinski
747,Adrian Przyborek
748,Kacper Lukasiak
749,Alexander Gorgon
750,Kamil Grosicki
751,Olaf Korczakowski
752,Vahan Bichakhchyan
753,Marcel Wedrychowski
754,Efthymios Koulouris
755,Patryk Paryzek
756,Antoni Klukowski
757,Szymon Weirauch
758,Bogdan Sarnavskyi
759,Kacper Gutowski
760,Elias Olsson
761,Bujar Pllana
762,Andrei Chindriș
763,Loup-Diwan Gueho
764,Bartosz Brylowski
765,Conrado
766,Milosz Kalahur
767,Marcel Bajko
768,Dominik Pila
769,Ivan Zhelizko
770,Louis D'Arrigo
771,Adam Kardas
772,Sergiy Buletsa
773,Rifet Kapic
774,Tomasz Neugebauer
775,Anton Tsarenko
776,Karl Wendt
777,Maksym Khlan
778,Tomasz Wojtowicz
779,Camilo Mena
780,Kacper Sezonienko
781,Bartosz Borkowski
782,Bogdan Viunnyk
783,Tomas Bobcek
784,Filip Majchrowicz
785,Michal Szromnik
786,Kamil Soberka
787,Mateusz Jelen
788,Dominik Szala
789,Kryspin Szczesniak
790,Josema
791,Rafal Janicki
792,Erik Janza
793,Manu Sánchez
794,Norbert Wojtuszek
795,Norbert Barczak
796,Damian Rasak
797,Patrik Hellebrand
798,Lukas Ambros
799,Nikodem Zielonka
800,Kamil Lukoszek
801,Yosuke Furukawa
802,Taofeek Ismaheel
803,Aleksander Tobolik
804,Pawel Olkowski
805,Sinan Bakış
806,Luka Zahovic
807,Aleksander Buksa
808,Lukas Podolski
809,Frantisek Plach
810,Karol Szymanski
811,Bartlomiej Jelonek
812,Dawid Rychta
813,Miguel Nóbrega
814,Tomas Huk
815,Jakub Czerwinski
816,Constantin Reiner
817,Miguel Muñoz
818,Jakub Lewicki
819,Igor Drapinski
820,Arkadiusz Pyrka
821,Tomasz Mokwa
822,Piotr Liszewski
823,Patryk Dziczek
824,Grzegorz Tomasiewicz
825,Oskar Lesniak
826,Milosz Szczepanski
827,Michal Chrapek
828,Tihomir Kostadinov
829,Szczepan Mucha
830,Filip Karbowy
831,Jorge Félix
832,Damian Kadzior
833,Andreas Katsantonis
834,Maciej Rosolek
835,Fabian Piasecki
836,Rafal Gikiewicz
837,Mikolaj Bieganski
838,Jan Krzywanski
839,Kreshnik Hajrizi
840,Mateusz Zyro
841,Juan Ibiza
842,Luís Silva
843,Pawel Kwiatkowski
844,Samuel Kozlovský
845,Marcel Krajewski
846,Lirim Kastrati
847,Juljan Shehu
848,Marek Hanousek
849,Noah Diliberto
850,Fran Álvarez
851,Jakub Lukowski
852,Bartlomiej Pawlowski
853,Sebastian Kerk
854,Antoni Klimek
855,Kamil Cybulski
856,Fábio Nunes
857,Hilary Gong
858,Jakub Sypek
859,Said Hamulic
860,Imad Rondic
861,Hubert Sobol
862,Jakub Madrzyk
863,Konrad Jalocha
864,Bert Esselink
865,Marco Ehmann
866,Petros Bagalianis
867,Marvin Senger
868,Mateusz Matras
869,Kamil Pajnowski
870,Matthew Guillaumier
871,Karol Knap
872,Adrian Bukowski
873,Piotr Wlazlo
874,Alex Cetnar
875,Alvis Jaunzems
876,Robert Dadok
877,Krzysztof Wolkowicz
878,Sergiy Krykun
879,Krystian Getinger
880,Koki Hinokio
881,Fryderyk Gerbowski
882,Dawid Tkacz
883,Maciej Domanski
884,Lukasz Wolsztynski
885,Ilya Shkurin
886,Ravve Assayag
887,Xavier Dziekonski
888,Marcel Zapytowski
889,Rafal Mamla
890,Pau Resta
891,Marcel Pieczek
892,Milosz Trojak
893,Piotr Malarczyk
894,Bartlomiej Smolarczyk
895,Igor Kosmicki
896,Yoav Hofmayster
897,Martin Remacle
898,Wojciech Kaminski
899,Hubert Zwozny
900,Dawid Blanik
901,Marcus Godinho
902,Dominick Zator
903,Konrad Matuszewski
904,Nono
905,Jakub Konstantyn
906,Pedro Nuno
907,Danny Trejo
908,Shuma Nagamatsu
909,Mariusz Fornalczyk
910,Wiktor Dlugosz
911,Mateusz Czyzycki
912,Milosz Strzebonski
913,Adam Chojecki
914,Adrián Dalmau
915,Evgeniy Shikavka
916,Daniel Bak
917,Ivan Brkic
918,Kacper Rosa
919,Oskar Jez
920,Sebastian Rudol
921,Marek Bartos
922,Arkadiusz Najemski
923,Kamil Kruk
924,Filip Luberecki
925,Krystian Palacz
926,Patryk Romanowski
927,Filip Wojcik
928,Pawel Stolarski
929,Sergi Samper
930,Krzysztof Kubica
931,Mathieu Scalet
932,Marcel Gasior
933,Bartosz Wolski
934,Christopher Simon
935,Kacper Welniak
936,Rafal Krol
937,Bradly van Hoeven
938,Piotr Ceglarz
939,Mbaye Ndiaye
940,Michal Krol
941,Kaan Caliskaner
942,Samuel Mraz
943,Kacper Spiewak
944,Maciej Kikolski
945,Wiktor Koptas
946,Shaocong Wu
947,Rahil Mammadov
948,Mateusz Cichocki
949,Raphael Rossi
950,Paulo Henrique
951,Zié Ouattara
952,Damian Jakubik
953,Bruno Jordão
954,Luizão
955,Christos Donis
956,Michal Kaput
957,Francisco Ramos
958,Jakub Snopczynski
959,Mikolaj Molendowski
960,Roberto Alves
961,Rafal Wolski
962,Radoslaw Cielemecki
963,Peglow
964,Capita
965,Vagner
966,Jan Grzesik
967,Guilherme Zimovski
968,Leândro
969,Leonardo Rocha
970,Jean Franco Sarmiento
971,Rafal Straczek
972,Dawid Kudla
973,Przemyslaw Peksa
974,Patryk Szczuka
975,Märten Kuusk
976,Lukas Klemenz
977,Arkadiusz Jedrych
978,Aleksander Komor
979,Bartosz Jaroszek
980,Lukasz Trepka
981,Jakub Kaduk
982,Mateusz Kowalczyk
983,Oskar Repka
984,Sebastian Milewski
985,Bartosz Baranowicz
986,Marcin Wasielewski
987,Alan Czerwinski
988,Adrian Danek
989,Grzegorz Rogala
990,Jakub Antczak
991,Bartosz Nowak
992,Borja Galán
993,Mateusz Marzec
994,Adrian Blad
995,Mateusz Mak
996,Alan Brod
997,Sebastian Bergier
998,Adam Zrelak
999,Jakub Arak
1000,Kewin Komar
1001,Roman Yakuba
1002,Artur Craciun
1003,Dawid Szymonowicz
1004,Lukasz Solowiej
1005,Filip Gil
1006,Michal Siplak
1007,Dawid Abramowicz
1008,Ioan-Calin Revenco
1009,Piotr Mrozinski
1010,Patryk Kielis
1011,Jakub Serafin
1012,Wojciech Hajda
1013,Konrad Stepien
1014,Michal Walski
1015,Adam Sendor
1016,Jakov Blagaic
1017,Jin-hyun Lee
1018,Mateusz Radecki
1019,Mateusz Cholewiak
1020,Hubert Tomalski
1021,Mateusz Stepien
1022,Artur Siemaszko
1023,Michalis Kosidis
1024,Krystian Okoniewski
1025,Rok Kidric
1026,Bahadır Güngördü
1027,Ertaç Özbir
1028,Fatih Demir
1029,Görkem Cihan
1030,Mert Çetin
1031,Arda Ünyay
1032,Diogo Coelho
1033,Nico Schulz
1034,Alper Uludağ
1035,Stelios Kitsiou
1036,İsmail Çokçalış
1037,Hayrullah Bilazer
1038,Tolga Ciğerci
1039,Mesut Kesik
1040,Osman Çelik
1041,Mahmut Tekdemir
1042,Ali Kaan Güneren
1043,Cem Türkmen
1044,Yusuf Gültekin
1045,Efkan Bekiroğlu
1046,Riccardo Saponara
1047,Hasan Nazarli
1048,Renaldo Cephas
1049,Kevin Varga
1050,Dorin Rotariu
1051,Sirozhiddin Astanakulov
1052,Renat Dadashov
1053,Riad Bajic
1054,Emre Bilgin
1055,Furkan Akyüz
1056,Furkan Bekleviç
1057,Papy Djilobodji
1058,Yiğit Efe Demir
1059,Yiğit Fidan
1060,Berkay Dabanlı
1061,Anıl Yiğit Çınar
1062,Ömer Ersoy
1063,Çağtay Kurukalıp
1064,Emir Tintiş
1065,Talha Ülvan
1066,Atakan Çankaya
1067,Marius Tresor Doh
1068,Flavio Paoletti
1069,Adnan Uğur
1070,Ömer Gümüş
1071,Muhammed Mert
1072,Daniel Johnson
1073,Göktan Gürpüz
1074,Barış Kalaycı
1075,Didier Lamkel Zé
1076,João Camacho
1077,Tarık Tuğyan
1078,Arda Akgün
1079,Nikola Dovedan
1080,Wesley Moraes
1081,Ahmet Sivri
1082,Baran Demiroğlu
1083,İsa Doğan
1084,Mücahit Serbest
1085,Yiğit Yitmez
1086,Okan Erdoğan
1087,Michael Ologo
1088,Racine Coly
1089,Fatih Tultak
1090,Baran Alp Vardar
1091,Duhan Aksu
1092,Ali Yaşar
1093,Özcan Şahan
1094,Demeaco Duhaney
1095,Yunus Bahadır
1096,Modestas Vorobjovas
1097,Kubilay Sönmez
1098,Muammer Sarıkaya
1099,Florian Loshaj
1100,Kerem Şen
1101,Dijlan Aydın
1102,Enver Sarıalioğlu
1103,Jackson Kenio
1104,Vefa Temel
1105,Yusuf Özer
1106,Valon Ethemi
1107,Gaoussou Diarra
1108,David Sambissa
1109,Emir Kaan Gültekin
1110,Djakaridja Junior Traoré
1111,Eren Arda Şan
1112,Nurullah Aslan
1113,Eren Bilen
1114,Kaan Doğan
1115,Veysel Sapan
1116,Mehmet Yeşil
1117,Nicolas N'Koulou
1118,Veli Çetin
1119,Uğur Gezer
1120,Alberk Koç
1121,Ömer Bayram
1122,Erkan Sasa
1123,Murat Uçar
1124,Batuhan Tur
1125,Yohan Cassubie
1126,Sinan Kurt
1127,Oktay Aydın
1128,Serkan Odabaşoğlu
1129,Adama Traoré
1130,Doğan Can Davas
1131,Çekdar Orhan
1132,Kristijan Lovric
1133,Max Gradel
1134,Yılmaz Ceylan
1135,Bruno Lourenço
1136,Britt Assombalonga
1137,Yakal Taylan
1138,Gökhan Değirmenci
1139,Harun Tekin
1140,Ahmet Hasan Göcen
1141,Aaron Appindangoyé
1142,Haşim Sarman
1143,Caner Osmanpaşa
1144,Muharrem Cinan
1145,Emre Gedik
1146,Ahmet Oğuz
1147,Onur Öztonga
1148,Mehmet Yılmaz
1149,Josip Vukovic
1150,Tarkan Serbest
1151,Pedrinho
1152,Cihat Çelik
1153,Mesut Can Tunalı
1154,Mijo Caktas
1155,Giorgi Beridze
1156,Ryan Mendes
1157,Oğulcan Çağlayan
1158,Furkan Gedik
1159,Barış Alıcı
1160,Marcão
1161,Ahmet Sağat
1162,Zafer Görgen
1163,Akın Alkan
1164,Sergen Piçinciol
1165,Atınç Nukan
1166,Mexer
1167,Yağız Dilek
1168,Tunay Çelikbay
1169,Batuhan Adıgüzel
1170,Faruk Can Genç
1171,Rahmetullah Berişbek
1172,Erkam Kömür
1173,Rodrigo
1174,Coshqun Diniyev
1175,Mehmet Özcan
1176,Remi Mulumba
1177,Kerem Atakan Kesgin
1178,Hikmet Çiftçi
1179,Mourad Louzif
1180,Emirhan Ayhan
1181,Levent Ayçiçek
1182,Landry Nomel
1183,İbrahim Kaya
1184,Adama Diakhaby
1185,Paulinho
1186,Marco Paixão
1187,Çağlar Akbaba
1188,Kubilay Anteplioğlu
1189,Haktan Bülent Nalyapan
1190,Naby Oularé
1191,Onur Ulaş
1192,Veaceslav Posmac
1193,Kaan Arslan
1194,Kerem Paykoç
1195,Fethi Özer
1196,Enes Alıç
1197,Onur Atasayar
1198,Murat Elmacı
1199,Ali Ülgen
1200,İshak Karaoğul
1201,Hakan Bilgiç
1202,Oğuz Kağan Güçtekin
1203,Estrela
1204,Jefferson
1205,Abdoulaye Diarrassouba
1206,Siraçhan Nas
1207,Daniel Avramovski
1208,Harun Yerlikaya
1209,Paul Mukairu
1210,Berk Yıldız
1211,Idrissa Camara
1212,Anıl Koç
1213,Eren Aydın
1214,Vüsal Isgandarli
1215,Khouma Babacar
1216,Hüsamettin Yener
1217,Übeyd Adıyaman
1218,Cihan Topaloğlu
1219,Onur Yıldırım
1220,Burak Öksüz
1221,Furkan Apaydın
1222,Mustafa Eser
1223,Dimitri Cavaré
1224,Tomislav Glumac
1225,Yusuf Saitoğlu
1226,Batuhan Arıcı
1227,Oğuz Yıldırım
1228,Ali Turap Bülbül
1229,Andrej Djokanovic
1230,Yusuf Kocatürk
1231,Kubilay Aktaş
1232,Serkan Göksu
1233,Atalay Babacan
1234,Jurgen Bardhi
1235,Engjell Hoti
1236,Doğukan Saral
1237,Emre Kaya
1238,Barış Ekincier
1239,Mehmet Ali Büyüksayar
1240,Efe Uluağ
1241,Benny
1242,Cebio Soukou
1243,Melih Okutan
1244,Georgi Minchev
1245,Batuhan Çelik
1246,Göktuğ Bakırbaş
1247,Ataberk Dadakdeniz
1248,Oğuzhan Yağcı
1249,Kağan Moradaoğlu
1250,Yakup Kırtay
1251,Gökhan Akkan
1252,Mustafa Akbaş
1253,Mustafa Yumlu
1254,Guram Giorbelidze
1255,Cengizhan Bayrak
1256,Celal Hanalp
1257,Salih Sarıkaya
1258,Orhan Ovacıklı
1259,Ahmet Yavilioğlu
1260,Okechukwu Azubuike
1261,Batuhan Artarslan
1262,Giovanni Crociata
1263,Sefa Akgün
1264,Özgür Sert
1265,Enes Karakaş
1266,Yusuf Tok
1267,Emre Çil
1268,Tonio Teklic
1269,Kerim Taskale
1270,Uğurcan Mengi
1271,Toni Tasev
1272,Furkan Özhan
1273,Mustafa Fettahoğlu
1274,Odise Roshi
1275,Süleyman Koç
1276,Streli Mamba
1277,Koray Kılınç
1278,Eren Tozlu
1279,Erhan Erentürk
1280,Orkun Özdemir
1281,Ebrar Aydın
1282,Alperen Babacan
1283,Zan Zuzek
1284,Sinan Osmanoğlu
1285,Abdullah Şahindere
1286,Yasin Güreler
1287,Fıratcan Üzüm
1288,Oğuzhan Berber
1289,Emirhan Ünal
1290,Berat Can Sebat
1291,Mikail Okyar
1292,Peter Etebo
1293,Ensar Kemaloğlu
1294,Buğra Çağıran
1295,Michal Nalepa
1296,Jimmy Durmaz
1297,Arda Temur
1298,Aias Aosman
1299,Metehan Mimaroğlu
1300,Amilton
1301,Mete Demir
1302,Samed Onur
1303,Elias Durmaz
1304,Moussa Djitté
1305,Gökhan Altıparmak
1306,Mustapha Yatabaré
1307,Çağrı Fedai
1308,Emre Satılmış
1309,Metin Uçar
1310,Mehmet Erdoğan
1311,Batuhan Ataç
1312,Steven Caulker
1313,Arda Şengül
1314,Mert Kula
1315,Oğuzcan Çalışkan
1316,Ali Dere
1317,Süleyman Luş
1318,Mahmut Akan
1319,Uğur Kaan Yıldız
1320,Erkam Develi
1321,Oğuzhan Ayaydın
1322,Orhan Nahırcı
1323,Aliou Traoré
1324,Eduart Rroca
1325,Halil Can Ayan
1326,Recep Taşbakır
1327,Moustapha Camara
1328,Yılmaz Basravi
1329,Kristal Abazaj
1330,Malaly Dembélé
1331,Görkem Bitin
1332,William Togui
1333,Mame Diouf
1334,Ekrem Kılıçarslan
1335,Ercüment Kafkasyalı
1336,Ege Baran Sahillioğlu
1337,Francis Nzaba
1338,Metehan Mert
1339,Sakıb Aytaç
1340,Eşref Korkmazoğlu
1341,Mücahid Albayrak
1342,Oğuz Ceylan
1343,Sefa Narin
1344,Tugay Kacar
1345,Jair
1346,Ryan Jack
1347,Alper Karaman
1348,Janne-Pekka Laine
1349,Berkay Aydoğmuş
1350,Óscar Pinchi
1351,Kévin Nzuzi Mata
1352,Altar Hidayetoğlu
1353,Mame Mor Faye
1354,Furkan Orak
1355,Hamza Catakovic
1356,Ertuğrul İdris Furat
1357,Junior Fernandes
1358,Abuzer Toplu
1359,Furkan Köse
1360,Alp Arda
1361,Ali Aydın
1362,Onur Alp Sarman
1363,Alim Öztürk
1364,Burak Bekaroğlu
1365,Hasan Hatipoğlu
1366,Alperen Selvi
1367,Caner Cavlan
1368,Yusuf Can Esendemir
1369,Yusuf Öztürk
1370,Berkan Keskin
1371,Guima
1372,Mert Çölgeçen
1373,Dean Liço
1374,Marcos Silva
1375,Burak Altıparmak
1376,Oğuzhan Özleşen
1377,Valentin Eysseric
1378,Adrien Regattin
1379,Ali Yiğit Özten
1380,Kerim Avcı
1381,Noel Niemann
1382,Burak Çoban
1383,Halil İbrahim Sönmez
1384,Selim Can Sönmez
1385,Ahmet Engin
1386,Kosta Aleksic
1387,Thuram
1388,Ömer Şişmanoğlu
1389,Hasan Hüseyin Akınay
1390,Ahmet Kıvanç
1391,Mahmut Eren Güler
1392,Loïck Landre
1393,Kadir Seven
1394,Zargo Touré
1395,Mehmet Dingil
1396,Erkan Kaş
1397,Atila Turan
1398,Mertcan Aşcı
1399,Kerem Kalafat
1400,Mustafa Emre Yalçınkaya
1401,Ferhat Yazgan
1402,Atakan Cangöz
1403,Durel Avounou
1404,Mehdi Boudjemaa
1405,Atakan Akkaynak
1406,Tunahan Ergül
1407,Burak Süleyman
1408,Eren Karadağ
1409,Ozan Sol
1410,Amar Catic
1411,Suat Kaya
1412,Geraldo
1413,Kabongo Kasongo
1414,Thomas Verheydt
1415,Ahmethan Köse
1416,Hasan Ege Akdoğan
1417,Erdem Canpolat
1418,Emre Koyuncu
1419,Burak Öğür
1420,Berkay Sülüngöz
1421,Alpaslan Öztürk
1422,Welinton
1423,Tarık Tekdal
1424,Murat Akça
1425,Sequeira
1426,Furkan Doğan
1427,Mustafa Çolak
1428,Samet Asatekin
1429,Mesut Özdemir
1430,Gökcan Kaya
1431,Bekir Karadeniz
1432,Enes Keskin
1433,Hasan Kılıç
1434,İbrahim Akdağ
1435,Erdem Çalık
1436,Gökdeniz Kara
1437,Yonathan Del Valle
1438,Melih Güney
1439,Jetmir Topalli
1440,Leandro Kappel
1441,Muhammet Enes Erdem
1442,Emeka Eze
1443,Sandro Lima
1444,Alperen Uysal
1445,Eren Karataş
1446,Samet Karabatak
1447,Orhan Kurşun
1448,Philip Awuku
1449,Bartu Göçmen
1450,Ensar Akgün
1451,Birkan Yılmaz
1452,Umut Erdem
1453,Kaan Kanak
1454,Yusuf Talum
1455,Oktay Gürdal
1456,Mamadou Cissokho
1457,Mehmet Ali Çelik
1458,Armin Hodzic
1459,Oğuz Gürbulak
1460,Kadir Kaan Yurdakul
1461,Kerem Arık
1462,Kazım Kahya
1463,Mustafa İnan
1464,Dani Ramírez
1465,Bede Osuji
1466,Moryké Fofana
1467,Efe Taylan Altunkara
1468,Demba Diallo
1469,Osman Kahraman
1470,Kwasi Wriedt
1471,Muhammed Kiprit
1472,Arda Çolak
1473,Jankat Yılmaz
1474,Muhammed Emin Çelik
1475,Korcan Çelikay
1476,Isaac Donkor
1477,Fatih Kurucuk
1478,Hıdır Aytekin
1479,Serkan İzmirlioğlu
1480,Cem Güzelbay
1481,Uğur Demirok
1482,Adama Fofana
1483,Ferhat Katipoğlu
1484,Feyzi Yıldırım
1485,Bonke Innocent
1486,Turgay Gemicibasi
1487,Devran Şenyurt
1488,Check Oumar Diakité
1489,Abdoulaye Dabo
1490,Harun Alpsoy
1491,Metehan Mollaoğlu
1492,Samuel Yépié Yépié
1493,Amadou Ciss
1494,Doğukan Emeksiz
1495,Abdoul Tapsoba
1496,Metehan Altunbaş
1497,Burhan Tuzun
1498,Alp Efe Kılınç
1499,Jakub Szumski
1500,İsmail Çipe
1501,Yusuf Aklan
1502,Arda Türken
1503,Erdi Dikmen
1504,Kahraman Demirtaş
1505,Salih Dursun
1506,Oğuzhan Çapar
1507,Berat Can Şanlı
1508,Engin Can Aksoy
1509,Bülent Uzun
1510,Cebrail Karayel
1511,Ali Uğurlu
1512,Murat Cem Akpınar
1513,Ennur Totre
1514,Nsana Simon
1515,Rayane Aabid
1516,Emre Demir
1517,Mendy Mamadou
1518,Fernando Andrade
1519,Dylan Saint-Louis
1520,Emircan Altıntaş
1521,Bilal Başaçıkoğlu
1522,Volkan Eğri
1523,Alparslan Demir
1524,Muhammed Ertürk
1525,Miraç Asıltekin
1526,Temel Çakmak
1527,Abdel Zagré
1528,Mustafa Pektemek
1529,Serkan Dursun
1530,Ali Emir Kılıç
1531,Erzhan Tokotaev
1532,Abdulkadir Sünger
1533,Enes Kalyoncu
1534,Urie-Michel Mboula
1535,Fatih Eren
1536,Efe Arda Koyuncu
1537,Mehmet Coşkun
1538,Nafican Yardımcı
1539,Miraç Acer
1540,Burak Çamoğlu
1541,Atakan Aybastı
1542,Muhammed Gönülaçar
1543,Amar Begic
1544,Hasan Acar
1545,Hakan Erçelik
1546,Salih Şen
1547,Jack Karadoğan
1548,Mahmut Küçük
1549,Cuma Menize
1550,Petteri Forsell
1551,Stefan Ashkovski
1552,Reagy Ofosu
1553,Furkan Şamil Çetin
1554,Aly Malle
1555,Mehmet Yüksel
1556,Olarenwaju Kayode
1557,Ahmet Gökbayrak
1558,Uchenna Ogundu
1559,Abdulsamed Damlu
1560,Çınar Yıldızlı
1561,Enes Salik
1562,Yiğit Ulaş
1563,Alperen Arslan
1564,Eray Şişman
1565,Muhammet Emir Ulusoy
1566,Berat Yaman
1567,Erşan Yaşa
1568,Kürşat Selamoğlu
1569,Ferhat Canlı
1570,Emircan Bayrakdar
1571,Kerem Altunışık
1572,Ömer Çağrı Ataş
1573,Metehan Ünal
1574,Atakan Müjde
1575,Enes Nas
1576,Nuri Fatih Aydın
1577,Burak Efe Yaz
1578,Mehmet Güneş
1579,Mert Miraç Altıntaş
1580,Umut Taniş
1581,Mehmet Emin Taştan
1582,Cengizhan Akgün
1583,Enes Savucu
1584,Halil Atcı
1585,Osman Katipoğlu
